dataset,k,seed,layer,attribute,mi_nats,num_pairs,clusters_used
SOD,1000,12,1,Bar,0.188923312073206,4793154,988
SOD,1000,12,2,Bar,0.2835649864944393,4793154,999
SOD,1000,12,3,Bar,0.3850068191261567,4793154,995
SOD,1000,12,4,Bar,0.4665389643418322,4793154,993
SOD,1000,12,5,Bar,0.6351430946689111,4793154,977
SOD,1000,12,6,Bar,0.6541425571128243,4793154,971
SOD,1000,12,7,Bar,0.4208738631027864,4793154,859
SOD,1000,12,8,Bar,0.5552552991799946,4793154,939
SOD,1000,12,9,Bar,0.6012525761564119,4793154,990
SOD,1000,12,10,Bar,0.4624125713294842,4793154,991
SOD,1000,12,11,Bar,0.1265792760003253,4793154,992
SOD,1000,12,12,Bar,0.0563136670084164,4793154,946
SOD,1000,12,1,Duration,1.95185509362292,4793154,988
SOD,1000,12,2,Duration,1.1890302876731464,4793154,999
SOD,1000,12,3,Duration,1.1339333051130118,4793154,995
SOD,1000,12,4,Duration,0.6268497992369824,4793154,993
SOD,1000,12,5,Duration,0.6118274191845777,4793154,977
SOD,1000,12,6,Duration,0.5587015890233521,4793154,971
SOD,1000,12,7,Duration,0.8448129304071474,4793154,859
SOD,1000,12,8,Duration,0.5950367521538257,4793154,939
SOD,1000,12,9,Duration,0.4990680398215054,4793154,990
SOD,1000,12,10,Duration,0.655860326659941,4793154,991
SOD,1000,12,11,Duration,0.7377240102219345,4793154,992
SOD,1000,12,12,Duration,1.0010123750531208,4793154,946
SOD,1000,12,1,Pitch,1.690150547625085,4793154,988
SOD,1000,12,2,Pitch,1.9169890866685704,4793154,999
SOD,1000,12,3,Pitch,1.364932973507477,4793154,995
SOD,1000,12,4,Pitch,1.7236736873184246,4793154,993
SOD,1000,12,5,Pitch,0.6111332180176342,4793154,977
SOD,1000,12,6,Pitch,0.5226471457397317,4793154,971
SOD,1000,12,7,Pitch,0.4026434626134783,4793154,859
SOD,1000,12,8,Pitch,0.5220012401421663,4793154,939
SOD,1000,12,9,Pitch,1.032514690307753,4793154,990
SOD,1000,12,10,Pitch,1.529806576114418,4793154,991
SOD,1000,12,11,Pitch,2.7506926146252697,4793154,992
SOD,1000,12,12,Pitch,2.6906106317568907,4793154,946
SOD,1000,12,1,Position,1.002600151983337,4793154,988
SOD,1000,12,2,Position,1.5322509489592977,4793154,999
SOD,1000,12,3,Position,1.7082647991348745,4793154,995
SOD,1000,12,4,Position,1.46915418491819,4793154,993
SOD,1000,12,5,Position,1.9178766681598616,4793154,977
SOD,1000,12,6,Position,1.7829629005133123,4793154,971
SOD,1000,12,7,Position,1.853177307967938,4793154,859
SOD,1000,12,8,Position,1.699736939232454,4793154,939
SOD,1000,12,9,Position,1.6143101651900178,4793154,990
SOD,1000,12,10,Position,1.9407880941664597,4793154,991
SOD,1000,12,11,Position,1.9590749571407304,4793154,992
SOD,1000,12,12,Position,0.6955722611150054,4793154,946
SOD,1000,12,1,Instrument,0.7532791197753861,4793154,988
SOD,1000,12,2,Instrument,0.5895438755916868,4793154,999
SOD,1000,12,3,Instrument,0.4465845802821206,4793154,995
SOD,1000,12,4,Instrument,0.2921783273258084,4793154,993
SOD,1000,12,5,Instrument,0.3126470007031545,4793154,977
SOD,1000,12,6,Instrument,0.3262711201140076,4793154,971
SOD,1000,12,7,Instrument,0.328626595984897,4793154,859
SOD,1000,12,8,Instrument,0.3486332993898768,4793154,939
SOD,1000,12,9,Instrument,0.3630861629123149,4793154,990
SOD,1000,12,10,Instrument,0.3219736705908537,4793154,991
SOD,1000,12,11,Instrument,0.3178945534677457,4793154,992
SOD,1000,12,12,Instrument,0.6085192613253846,4793154,946
SOD,1000,12,1,Tempo,0.1190691924157439,4793154,988
SOD,1000,12,2,Tempo,0.0776971447036656,4793154,999
SOD,1000,12,3,Tempo,0.06742244443313,4793154,995
SOD,1000,12,4,Tempo,0.0379674940346284,4793154,993
SOD,1000,12,5,Tempo,0.0449844335597411,4793154,977
SOD,1000,12,6,Tempo,0.0471371454034264,4793154,971
SOD,1000,12,7,Tempo,0.0605354317870775,4793154,859
SOD,1000,12,8,Tempo,0.0526927418562454,4793154,939
SOD,1000,12,9,Tempo,0.0450603213915754,4793154,990
SOD,1000,12,10,Tempo,0.0600509484628634,4793154,991
SOD,1000,12,11,Tempo,0.0639935436788123,4793154,992
SOD,1000,12,12,Tempo,0.1282750907616644,4793154,946
SOD,1000,12,1,Time signature,0.1426139177194543,4793154,988
SOD,1000,12,2,Time signature,0.1265434567246914,4793154,999
SOD,1000,12,3,Time signature,0.1257873661520125,4793154,995
SOD,1000,12,4,Time signature,0.0856417416476942,4793154,993
SOD,1000,12,5,Time signature,0.1435822873827369,4793154,977
SOD,1000,12,6,Time signature,0.1229352844660822,4793154,971
SOD,1000,12,7,Time signature,0.1450751165391242,4793154,859
SOD,1000,12,8,Time signature,0.1174111758551654,4793154,939
SOD,1000,12,9,Time signature,0.1051872059475227,4793154,990
SOD,1000,12,10,Time signature,0.1682893463913204,4793154,991
SOD,1000,12,11,Time signature,0.1742071118852457,4793154,992
SOD,1000,12,12,Time signature,0.2812426390249893,4793154,946
SOD,1000,12,1,Velocity,0.41868476985679,4793154,988
SOD,1000,12,2,Velocity,0.2133150424176164,4793154,999
SOD,1000,12,3,Velocity,0.1296110282027223,4793154,995
SOD,1000,12,4,Velocity,0.0426138872670131,4793154,993
SOD,1000,12,5,Velocity,0.0391902357896277,4793154,977
SOD,1000,12,6,Velocity,0.0802222177618179,4793154,971
SOD,1000,12,7,Velocity,0.1135051464051441,4793154,859
SOD,1000,12,8,Velocity,0.1360434008886762,4793154,939
SOD,1000,12,9,Velocity,0.0650203484469967,4793154,990
SOD,1000,12,10,Velocity,0.0781391460376561,4793154,991
SOD,1000,12,11,Velocity,0.0790508750691712,4793154,992
SOD,1000,12,12,Velocity,0.5769937899079893,4793154,946
SOD,1000,42,1,Bar,0.269561073460152,4793154,978
SOD,1000,42,2,Bar,0.3676585720694997,4793154,1000
SOD,1000,42,3,Bar,0.4376686985303746,4793154,996
SOD,1000,42,4,Bar,0.5009893537062241,4793154,995
SOD,1000,42,5,Bar,0.7296048844080696,4793154,978
SOD,1000,42,6,Bar,0.7435064516699065,4793154,946
SOD,1000,42,7,Bar,0.5217914377014692,4793154,817
SOD,1000,42,8,Bar,0.6816985335032918,4793154,880
SOD,1000,42,9,Bar,0.6355343212116856,4793154,992
SOD,1000,42,10,Bar,0.5086201433946642,4793154,991
SOD,1000,42,11,Bar,0.1590591384198871,4793154,980
SOD,1000,42,12,Bar,0.0428957397812995,4793154,890
SOD,1000,42,1,Duration,1.717964756651149,4793154,978
SOD,1000,42,2,Duration,0.9218901462830628,4793154,1000
SOD,1000,42,3,Duration,0.9227313345233582,4793154,996
SOD,1000,42,4,Duration,0.5469025956977871,4793154,995
SOD,1000,42,5,Duration,0.5549056494821482,4793154,978
SOD,1000,42,6,Duration,0.5185513516801147,4793154,946
SOD,1000,42,7,Duration,0.6978195630220847,4793154,817
SOD,1000,42,8,Duration,0.5107182404935747,4793154,880
SOD,1000,42,9,Duration,0.4545398136905764,4793154,992
SOD,1000,42,10,Duration,0.5654381723210385,4793154,991
SOD,1000,42,11,Duration,0.6034017420133871,4793154,980
SOD,1000,42,12,Duration,0.7621609759343592,4793154,890
SOD,1000,42,1,Pitch,1.6323438685052294,4793154,978
SOD,1000,42,2,Pitch,1.9891834040164076,4793154,1000
SOD,1000,42,3,Pitch,1.393803755750383,4793154,996
SOD,1000,42,4,Pitch,1.6989976158284117,4793154,995
SOD,1000,42,5,Pitch,0.5847151853622522,4793154,978
SOD,1000,42,6,Pitch,0.514115232894534,4793154,946
SOD,1000,42,7,Pitch,0.3936223599727163,4793154,817
SOD,1000,42,8,Pitch,0.5106392258355437,4793154,880
SOD,1000,42,9,Pitch,1.2169412967294273,4793154,992
SOD,1000,42,10,Pitch,1.781413419178774,4793154,991
SOD,1000,42,11,Pitch,2.894330703798552,4793154,980
SOD,1000,42,12,Pitch,3.2387491098734937,4793154,890
SOD,1000,42,1,Position,0.8587389532764433,4793154,978
SOD,1000,42,2,Position,1.484828388022024,4793154,1000
SOD,1000,42,3,Position,1.744856089528125,4793154,996
SOD,1000,42,4,Position,1.4532876511653856,4793154,995
SOD,1000,42,5,Position,1.9032785699865056,4793154,978
SOD,1000,42,6,Position,1.7661268140056643,4793154,946
SOD,1000,42,7,Position,1.831993841626664,4793154,817
SOD,1000,42,8,Position,1.6807579269387645,4793154,880
SOD,1000,42,9,Position,1.5485000103642397,4793154,992
SOD,1000,42,10,Position,1.7558828992394262,4793154,991
SOD,1000,42,11,Position,1.88903444597826,4793154,980
SOD,1000,42,12,Position,0.6145316592428713,4793154,890
SOD,1000,42,1,Instrument,0.5973735500162533,4793154,978
SOD,1000,42,2,Instrument,0.4834425017061107,4793154,1000
SOD,1000,42,3,Instrument,0.3690619964032455,4793154,996
SOD,1000,42,4,Instrument,0.2834469808444177,4793154,995
SOD,1000,42,5,Instrument,0.2724186845756327,4793154,978
SOD,1000,42,6,Instrument,0.2890896495944658,4793154,946
SOD,1000,42,7,Instrument,0.299549556460937,4793154,817
SOD,1000,42,8,Instrument,0.3096154568545649,4793154,880
SOD,1000,42,9,Instrument,0.3002339622796472,4793154,992
SOD,1000,42,10,Instrument,0.2869589431693615,4793154,991
SOD,1000,42,11,Instrument,0.2893874469631531,4793154,980
SOD,1000,42,12,Instrument,0.5241294964202593,4793154,890
SOD,1000,42,1,Tempo,0.0923023020698081,4793154,978
SOD,1000,42,2,Tempo,0.0610055239251946,4793154,1000
SOD,1000,42,3,Tempo,0.0543915484310317,4793154,996
SOD,1000,42,4,Tempo,0.0358472023279431,4793154,995
SOD,1000,42,5,Tempo,0.0400776657339126,4793154,978
SOD,1000,42,6,Tempo,0.0404581865466524,4793154,946
SOD,1000,42,7,Tempo,0.0497380593283189,4793154,817
SOD,1000,42,8,Tempo,0.0447976017008589,4793154,880
SOD,1000,42,9,Tempo,0.0390173176405417,4793154,992
SOD,1000,42,10,Tempo,0.049916257606125,4793154,991
SOD,1000,42,11,Tempo,0.0534270545975417,4793154,980
SOD,1000,42,12,Tempo,0.0919073783724943,4793154,890
SOD,1000,42,1,Time signature,0.1243951474755225,4793154,978
SOD,1000,42,2,Time signature,0.1102742245491985,4793154,1000
SOD,1000,42,3,Time signature,0.1144975952198863,4793154,996
SOD,1000,42,4,Time signature,0.0812146470059502,4793154,995
SOD,1000,42,5,Time signature,0.1228311562388152,4793154,978
SOD,1000,42,6,Time signature,0.1135398005337549,4793154,946
SOD,1000,42,7,Time signature,0.1296339252667643,4793154,817
SOD,1000,42,8,Time signature,0.107833284627502,4793154,880
SOD,1000,42,9,Time signature,0.0954746429356116,4793154,992
SOD,1000,42,10,Time signature,0.1166750454426329,4793154,991
SOD,1000,42,11,Time signature,0.129101701439303,4793154,980
SOD,1000,42,12,Time signature,0.1184337540195489,4793154,890
SOD,1000,42,1,Velocity,0.3144583025856846,4793154,978
SOD,1000,42,2,Velocity,0.1463085471884917,4793154,1000
SOD,1000,42,3,Velocity,0.0883602374829994,4793154,996
SOD,1000,42,4,Velocity,0.0357309727554336,4793154,995
SOD,1000,42,5,Velocity,0.0303764987800211,4793154,978
SOD,1000,42,6,Velocity,0.0524073319775641,4793154,946
SOD,1000,42,7,Velocity,0.079029257457079,4793154,817
SOD,1000,42,8,Velocity,0.1110819334248908,4793154,880
SOD,1000,42,9,Velocity,0.0437656356395115,4793154,992
SOD,1000,42,10,Velocity,0.0559619242725089,4793154,991
SOD,1000,42,11,Velocity,0.0585122469476194,4793154,980
SOD,1000,42,12,Velocity,0.5880469242451754,4793154,890
SOD,1000,97,1,Bar,0.1415927962258738,4793154,992
SOD,1000,97,2,Bar,0.2312452991792303,4793154,1000
SOD,1000,97,3,Bar,0.3653901959584676,4793154,998
SOD,1000,97,4,Bar,0.4411303621616441,4793154,995
SOD,1000,97,5,Bar,0.6388255626962233,4793154,984
SOD,1000,97,6,Bar,0.6133905674881219,4793154,968
SOD,1000,97,7,Bar,0.3888219968264822,4793154,873
SOD,1000,97,8,Bar,0.523793045668996,4793154,878
SOD,1000,97,9,Bar,0.5644517961781099,4793154,985
SOD,1000,97,10,Bar,0.4170110456637131,4793154,993
SOD,1000,97,11,Bar,0.109642981853279,4793154,990
SOD,1000,97,12,Bar,0.0386244245646091,4793154,945
SOD,1000,97,1,Duration,2.0806800443720057,4793154,992
SOD,1000,97,2,Duration,1.2202219280441302,4793154,1000
SOD,1000,97,3,Duration,1.2011691186389268,4793154,998
SOD,1000,97,4,Duration,0.6606176652606747,4793154,995
SOD,1000,97,5,Duration,0.5897058588429068,4793154,984
SOD,1000,97,6,Duration,0.5534022710213626,4793154,968
SOD,1000,97,7,Duration,0.9009192122549844,4793154,873
SOD,1000,97,8,Duration,0.5989177350577902,4793154,878
SOD,1000,97,9,Duration,0.4540943754161231,4793154,985
SOD,1000,97,10,Duration,0.6207893885725638,4793154,993
SOD,1000,97,11,Duration,0.7631946467045652,4793154,990
SOD,1000,97,12,Duration,0.9700725353354294,4793154,945
SOD,1000,97,1,Pitch,1.7509329430345837,4793154,992
SOD,1000,97,2,Pitch,1.9704459220168524,4793154,1000
SOD,1000,97,3,Pitch,1.2924458757622048,4793154,998
SOD,1000,97,4,Pitch,1.7293599932848098,4793154,995
SOD,1000,97,5,Pitch,0.6847093657663603,4793154,984
SOD,1000,97,6,Pitch,0.6158223728462698,4793154,968
SOD,1000,97,7,Pitch,0.4171701478801146,4793154,873
SOD,1000,97,8,Pitch,0.5297137680121,4793154,878
SOD,1000,97,9,Pitch,1.1991421121149144,4793154,985
SOD,1000,97,10,Pitch,1.712093855380818,4793154,993
SOD,1000,97,11,Pitch,2.712941036002151,4793154,990
SOD,1000,97,12,Pitch,2.849181314149219,4793154,945
SOD,1000,97,1,Position,1.032507807031845,4793154,992
SOD,1000,97,2,Position,1.4494487571252412,4793154,1000
SOD,1000,97,3,Position,1.7066026400625829,4793154,998
SOD,1000,97,4,Position,1.4145394619013612,4793154,995
SOD,1000,97,5,Position,1.868928806505723,4793154,984
SOD,1000,97,6,Position,1.6905244475587244,4793154,968
SOD,1000,97,7,Position,1.8262001744905632,4793154,873
SOD,1000,97,8,Position,1.629933511630001,4793154,878
SOD,1000,97,9,Position,1.471079171717487,4793154,985
SOD,1000,97,10,Position,1.7737996033551775,4793154,993
SOD,1000,97,11,Position,1.820149668533439,4793154,990
SOD,1000,97,12,Position,0.596802131594851,4793154,945
SOD,1000,97,1,Instrument,0.7704718756772855,4793154,992
SOD,1000,97,2,Instrument,0.579437038920896,4793154,1000
SOD,1000,97,3,Instrument,0.4185801103632604,4793154,998
SOD,1000,97,4,Instrument,0.2977906388613224,4793154,995
SOD,1000,97,5,Instrument,0.3060620522646295,4793154,984
SOD,1000,97,6,Instrument,0.3264845391072155,4793154,968
SOD,1000,97,7,Instrument,0.3409211799582741,4793154,873
SOD,1000,97,8,Instrument,0.3394370420379736,4793154,878
SOD,1000,97,9,Instrument,0.3558055088429912,4793154,985
SOD,1000,97,10,Instrument,0.3195958644978605,4793154,993
SOD,1000,97,11,Instrument,0.3244659893619842,4793154,990
SOD,1000,97,12,Instrument,0.5407880085921299,4793154,945
SOD,1000,97,1,Tempo,0.1278851015856501,4793154,992
SOD,1000,97,2,Tempo,0.0771334926138649,4793154,1000
SOD,1000,97,3,Tempo,0.0684742896656123,4793154,998
SOD,1000,97,4,Tempo,0.040306495532183,4793154,995
SOD,1000,97,5,Tempo,0.0441695303567959,4793154,984
SOD,1000,97,6,Tempo,0.0428583325587271,4793154,968
SOD,1000,97,7,Tempo,0.0599457082027143,4793154,873
SOD,1000,97,8,Tempo,0.0498898880511967,4793154,878
SOD,1000,97,9,Tempo,0.0397074921703089,4793154,985
SOD,1000,97,10,Tempo,0.0548636453697263,4793154,993
SOD,1000,97,11,Tempo,0.0627645826482452,4793154,990
SOD,1000,97,12,Tempo,0.1144595728819696,4793154,945
SOD,1000,97,1,Time signature,0.1492617412725216,4793154,992
SOD,1000,97,2,Time signature,0.1273378606775492,4793154,1000
SOD,1000,97,3,Time signature,0.1288144629363554,4793154,998
SOD,1000,97,4,Time signature,0.0845476547285867,4793154,995
SOD,1000,97,5,Time signature,0.1271275401702905,4793154,984
SOD,1000,97,6,Time signature,0.1217341583218049,4793154,968
SOD,1000,97,7,Time signature,0.153009709975267,4793154,873
SOD,1000,97,8,Time signature,0.1146515468155824,4793154,878
SOD,1000,97,9,Time signature,0.0980405946196263,4793154,985
SOD,1000,97,10,Time signature,0.1399482472432056,4793154,993
SOD,1000,97,11,Time signature,0.1455272672498642,4793154,990
SOD,1000,97,12,Time signature,0.1952302187952725,4793154,945
SOD,1000,97,1,Velocity,0.3926978347625159,4793154,992
SOD,1000,97,2,Velocity,0.2053758593182587,4793154,1000
SOD,1000,97,3,Velocity,0.1288717540214412,4793154,998
SOD,1000,97,4,Velocity,0.0450345420232645,4793154,995
SOD,1000,97,5,Velocity,0.038058656255563,4793154,984
SOD,1000,97,6,Velocity,0.0745687610671185,4793154,968
SOD,1000,97,7,Velocity,0.1106687507267097,4793154,873
SOD,1000,97,8,Velocity,0.1405409708595281,4793154,878
SOD,1000,97,9,Velocity,0.0553149955554016,4793154,985
SOD,1000,97,10,Velocity,0.0642164498402361,4793154,993
SOD,1000,97,11,Velocity,0.0820005253852109,4793154,990
SOD,1000,97,12,Velocity,0.5494005277981631,4793154,945
SOD,2000,1,1,Bar,0.2428420571239494,15660784,0
SOD,2000,1,2,Bar,0.3434820855556789,15660784,0
SOD,2000,1,3,Bar,0.356874161825065,15660784,0
SOD,2000,1,4,Bar,0.3613553694491906,15660784,0
SOD,2000,1,5,Bar,0.4587140484332059,15660784,0
SOD,2000,1,6,Bar,0.4564169240769913,15660784,0
SOD,2000,1,7,Bar,0.3623110922361128,15660784,0
SOD,2000,1,8,Bar,0.405753446799808,15660784,0
SOD,2000,1,9,Bar,0.4406267321681428,15660784,0
SOD,2000,1,10,Bar,0.3595469603483541,15660784,0
SOD,2000,1,11,Bar,0.2035139748075648,15660784,0
SOD,2000,1,12,Bar,0.1179974481421608,15660784,0
SOD,2000,1,1,Duration,1.693294347471326,15660784,0
SOD,2000,1,2,Duration,1.0141046141597518,15660784,0
SOD,2000,1,3,Duration,1.1681989159122863,15660784,0
SOD,2000,1,4,Duration,0.6923416738273381,15660784,0
SOD,2000,1,5,Duration,0.6907356442585378,15660784,0
SOD,2000,1,6,Duration,0.6637741209774333,15660784,0
SOD,2000,1,7,Duration,0.8887383558471283,15660784,0
SOD,2000,1,8,Duration,0.6800107294315968,15660784,0
SOD,2000,1,9,Duration,0.5487549928333844,15660784,0
SOD,2000,1,10,Duration,0.6649762157051828,15660784,0
SOD,2000,1,11,Duration,0.7603791530784101,15660784,0
SOD,2000,1,12,Duration,1.1075197202092968,15660784,0
SOD,2000,1,1,Pitch,1.563187791337198,15660784,0
SOD,2000,1,2,Pitch,1.8483554998005152,15660784,0
SOD,2000,1,3,Pitch,1.4492512001081015,15660784,0
SOD,2000,1,4,Pitch,1.9708086447260804,15660784,0
SOD,2000,1,5,Pitch,0.921078424848334,15660784,0
SOD,2000,1,6,Pitch,0.7613767982146147,15660784,0
SOD,2000,1,7,Pitch,0.5314834700850843,15660784,0
SOD,2000,1,8,Pitch,0.684519289388393,15660784,0
SOD,2000,1,9,Pitch,1.5520055107178503,15660784,0
SOD,2000,1,10,Pitch,2.0676368835679577,15660784,0
SOD,2000,1,11,Pitch,2.9415887454257112,15660784,0
SOD,2000,1,12,Pitch,2.709147387456562,15660784,0
SOD,2000,1,1,Position,0.8967002755872399,15660784,0
SOD,2000,1,2,Position,1.6904836055950494,15660784,0
SOD,2000,1,3,Position,1.9478557542402368,15660784,0
SOD,2000,1,4,Position,1.716988461720007,15660784,0
SOD,2000,1,5,Position,2.083938112179184,15660784,0
SOD,2000,1,6,Position,1.994326962023009,15660784,0
SOD,2000,1,7,Position,2.0310247244605573,15660784,0
SOD,2000,1,8,Position,1.9074634329599212,15660784,0
SOD,2000,1,9,Position,1.8519093430493292,15660784,0
SOD,2000,1,10,Position,2.107531645578508,15660784,0
SOD,2000,1,11,Position,2.124131368279692,15660784,0
SOD,2000,1,12,Position,0.8083749645873839,15660784,0
SOD,2000,1,1,Instrument,0.7847276658732912,15660784,0
SOD,2000,1,2,Instrument,0.7620152495822193,15660784,0
SOD,2000,1,3,Instrument,0.6504538817330393,15660784,0
SOD,2000,1,4,Instrument,0.5291053486287578,15660784,0
SOD,2000,1,5,Instrument,0.5745441762451634,15660784,0
SOD,2000,1,6,Instrument,0.5546175345161053,15660784,0
SOD,2000,1,7,Instrument,0.5498742040505149,15660784,0
SOD,2000,1,8,Instrument,0.501691137530043,15660784,0
SOD,2000,1,9,Instrument,0.608298190491502,15660784,0
SOD,2000,1,10,Instrument,0.4737351772410344,15660784,0
SOD,2000,1,11,Instrument,0.4004164792847979,15660784,0
SOD,2000,1,12,Instrument,0.783565015920425,15660784,0
SOD,2000,1,1,Tempo,0.0903282968083035,15660784,0
SOD,2000,1,2,Tempo,0.073302564024213,15660784,0
SOD,2000,1,3,Tempo,0.0755331505308365,15660784,0
SOD,2000,1,4,Tempo,0.0525542476043116,15660784,0
SOD,2000,1,5,Tempo,0.0634751343968094,15660784,0
SOD,2000,1,6,Tempo,0.0639439479302405,15660784,0
SOD,2000,1,7,Tempo,0.0743985073246114,15660784,0
SOD,2000,1,8,Tempo,0.0618144459517863,15660784,0
SOD,2000,1,9,Tempo,0.0625221962819831,15660784,0
SOD,2000,1,10,Tempo,0.0668761208935889,15660784,0
SOD,2000,1,11,Tempo,0.064393209872474,15660784,0
SOD,2000,1,12,Tempo,0.1604847169825121,15660784,0
SOD,2000,1,1,Time signature,0.1006199351180075,15660784,0
SOD,2000,1,2,Time signature,0.1147747839020385,15660784,0
SOD,2000,1,3,Time signature,0.1280108912827101,15660784,0
SOD,2000,1,4,Time signature,0.1006589630263735,15660784,0
SOD,2000,1,5,Time signature,0.1442206215125686,15660784,0
SOD,2000,1,6,Time signature,0.1323057205621386,15660784,0
SOD,2000,1,7,Time signature,0.1531926995919076,15660784,0
SOD,2000,1,8,Time signature,0.1297981102589852,15660784,0
SOD,2000,1,9,Time signature,0.1234252363361441,15660784,0
SOD,2000,1,10,Time signature,0.1406491677848455,15660784,0
SOD,2000,1,11,Time signature,0.1475222576373989,15660784,0
SOD,2000,1,12,Time signature,0.2517468573885013,15660784,0
SOD,2000,1,1,Velocity,0.3397623227406938,15660784,0
SOD,2000,1,2,Velocity,0.2395458814649298,15660784,0
SOD,2000,1,3,Velocity,0.1614519471889749,15660784,0
SOD,2000,1,4,Velocity,0.0737055580750064,15660784,0
SOD,2000,1,5,Velocity,0.0722164659724878,15660784,0
SOD,2000,1,6,Velocity,0.154217253726361,15660784,0
SOD,2000,1,7,Velocity,0.1796793251962138,15660784,0
SOD,2000,1,8,Velocity,0.218396459395263,15660784,0
SOD,2000,1,9,Velocity,0.1009838315964297,15660784,0
SOD,2000,1,10,Velocity,0.1033277297429475,15660784,0
SOD,2000,1,11,Velocity,0.0964758568067022,15660784,0
SOD,2000,1,12,Velocity,0.6757264083898594,15660784,0
SOD,2000,2,1,Bar,0.2541480223992659,15660784,0
SOD,2000,2,2,Bar,0.3332129387146331,15660784,0
SOD,2000,2,3,Bar,0.3423857817129523,15660784,0
SOD,2000,2,4,Bar,0.3748355292624656,15660784,0
SOD,2000,2,5,Bar,0.4720871643637259,15660784,0
SOD,2000,2,6,Bar,0.4550010648495545,15660784,0
SOD,2000,2,7,Bar,0.3474351807835773,15660784,0
SOD,2000,2,8,Bar,0.3838152477220093,15660784,0
SOD,2000,2,9,Bar,0.4443790402298431,15660784,0
SOD,2000,2,10,Bar,0.364261677813523,15660784,0
SOD,2000,2,11,Bar,0.2089808739993647,15660784,0
SOD,2000,2,12,Bar,0.1145829770285787,15660784,0
SOD,2000,2,1,Duration,1.7078172327414838,15660784,0
SOD,2000,2,2,Duration,1.045420236611802,15660784,0
SOD,2000,2,3,Duration,1.1659156569526834,15660784,0
SOD,2000,2,4,Duration,0.7004459967820142,15660784,0
SOD,2000,2,5,Duration,0.7006426776175234,15660784,0
SOD,2000,2,6,Duration,0.6358255666233675,15660784,0
SOD,2000,2,7,Duration,0.9209572178090604,15660784,0
SOD,2000,2,8,Duration,0.6716920179918965,15660784,0
SOD,2000,2,9,Duration,0.5375308146913234,15660784,0
SOD,2000,2,10,Duration,0.6680083659411283,15660784,0
SOD,2000,2,11,Duration,0.7604648845069378,15660784,0
SOD,2000,2,12,Duration,1.1278017739064772,15660784,0
SOD,2000,2,1,Pitch,1.5205152393066863,15660784,0
SOD,2000,2,2,Pitch,1.8439064582478728,15660784,0
SOD,2000,2,3,Pitch,1.4659103929141717,15660784,0
SOD,2000,2,4,Pitch,1.9840762986917493,15660784,0
SOD,2000,2,5,Pitch,0.9384170516333508,15660784,0
SOD,2000,2,6,Pitch,0.7958420538700737,15660784,0
SOD,2000,2,7,Pitch,0.5175804925360064,15660784,0
SOD,2000,2,8,Pitch,0.7285788210231724,15660784,0
SOD,2000,2,9,Pitch,1.5958812062532126,15660784,0
SOD,2000,2,10,Pitch,2.0112763792268398,15660784,0
SOD,2000,2,11,Pitch,2.8736129171210334,15660784,0
SOD,2000,2,12,Pitch,2.750450801734317,15660784,0
SOD,2000,2,1,Position,0.9090871354612248,15660784,0
SOD,2000,2,2,Position,1.685158752898842,15660784,0
SOD,2000,2,3,Position,1.9849107982644525,15660784,0
SOD,2000,2,4,Position,1.731450307979972,15660784,0
SOD,2000,2,5,Position,2.111360566939931,15660784,0
SOD,2000,2,6,Position,1.947142715148456,15660784,0
SOD,2000,2,7,Position,1.9943071766974572,15660784,0
SOD,2000,2,8,Position,1.889751361172154,15660784,0
SOD,2000,2,9,Position,1.8345137724849725,15660784,0
SOD,2000,2,10,Position,2.14888222909538,15660784,0
SOD,2000,2,11,Position,2.1346666490834725,15660784,0
SOD,2000,2,12,Position,0.8101095395352821,15660784,0
SOD,2000,2,1,Instrument,0.8337565097796986,15660784,0
SOD,2000,2,2,Instrument,0.7949369959809289,15660784,0
SOD,2000,2,3,Instrument,0.631227583011259,15660784,0
SOD,2000,2,4,Instrument,0.5029785525798895,15660784,0
SOD,2000,2,5,Instrument,0.5188470862622472,15660784,0
SOD,2000,2,6,Instrument,0.6053053833797979,15660784,0
SOD,2000,2,7,Instrument,0.5768309158392282,15660784,0
SOD,2000,2,8,Instrument,0.5098738887870343,15660784,0
SOD,2000,2,9,Instrument,0.5739298318720716,15660784,0
SOD,2000,2,10,Instrument,0.4736528232891905,15660784,0
SOD,2000,2,11,Instrument,0.406429299646449,15660784,0
SOD,2000,2,12,Instrument,0.7023094508175131,15660784,0
SOD,2000,2,1,Tempo,0.0927640991976654,15660784,0
SOD,2000,2,2,Tempo,0.0747512389934682,15660784,0
SOD,2000,2,3,Tempo,0.0741070821637478,15660784,0
SOD,2000,2,4,Tempo,0.0515487892647463,15660784,0
SOD,2000,2,5,Tempo,0.0605873722083765,15660784,0
SOD,2000,2,6,Tempo,0.0663591927421597,15660784,0
SOD,2000,2,7,Tempo,0.0740211145288144,15660784,0
SOD,2000,2,8,Tempo,0.0627903843081686,15660784,0
SOD,2000,2,9,Tempo,0.0603172625796166,15660784,0
SOD,2000,2,10,Tempo,0.0684816433728436,15660784,0
SOD,2000,2,11,Tempo,0.0646179631658922,15660784,0
SOD,2000,2,12,Tempo,0.1490080801481291,15660784,0
SOD,2000,2,1,Time signature,0.1049181974419424,15660784,0
SOD,2000,2,2,Time signature,0.1173175497479228,15660784,0
SOD,2000,2,3,Time signature,0.1308995230568548,15660784,0
SOD,2000,2,4,Time signature,0.1023082124799901,15660784,0
SOD,2000,2,5,Time signature,0.151242470174877,15660784,0
SOD,2000,2,6,Time signature,0.1301939110229206,15660784,0
SOD,2000,2,7,Time signature,0.1462175419836712,15660784,0
SOD,2000,2,8,Time signature,0.1289932507678639,15660784,0
SOD,2000,2,9,Time signature,0.1205260400035348,15660784,0
SOD,2000,2,10,Time signature,0.1457644422046405,15660784,0
SOD,2000,2,11,Time signature,0.1618242241779595,15660784,0
SOD,2000,2,12,Time signature,0.2575787412395943,15660784,0
SOD,2000,2,1,Velocity,0.3696513462290283,15660784,0
SOD,2000,2,2,Velocity,0.2213466606235058,15660784,0
SOD,2000,2,3,Velocity,0.1589098918845251,15660784,0
SOD,2000,2,4,Velocity,0.0744069116922696,15660784,0
SOD,2000,2,5,Velocity,0.066804209253019,15660784,0
SOD,2000,2,6,Velocity,0.1540187836764832,15660784,0
SOD,2000,2,7,Velocity,0.1743829676554445,15660784,0
SOD,2000,2,8,Velocity,0.2177304684675678,15660784,0
SOD,2000,2,9,Velocity,0.1057204905361248,15660784,0
SOD,2000,2,10,Velocity,0.1055857846252245,15660784,0
SOD,2000,2,11,Velocity,0.0946663440172384,15660784,0
SOD,2000,2,12,Velocity,0.6895460202422438,15660784,0
SOD,2000,3,1,Bar,0.242188116049195,15660784,0
SOD,2000,3,2,Bar,0.3442897609312574,15660784,0
SOD,2000,3,3,Bar,0.3546161147882551,15660784,0
SOD,2000,3,4,Bar,0.3725238749422043,15660784,0
SOD,2000,3,5,Bar,0.463488115479178,15660784,0
SOD,2000,3,6,Bar,0.4613023419598833,15660784,0
SOD,2000,3,7,Bar,0.3409315166901323,15660784,0
SOD,2000,3,8,Bar,0.414104821643366,15660784,0
SOD,2000,3,9,Bar,0.4444097318835385,15660784,0
SOD,2000,3,10,Bar,0.3478112369437182,15660784,0
SOD,2000,3,11,Bar,0.212513907990277,15660784,0
SOD,2000,3,12,Bar,0.1160480752673681,15660784,0
SOD,2000,3,1,Duration,1.748563239327113,15660784,0
SOD,2000,3,2,Duration,1.0346803236917146,15660784,0
SOD,2000,3,3,Duration,1.14452919604201,15660784,0
SOD,2000,3,4,Duration,0.7310438630867376,15660784,0
SOD,2000,3,5,Duration,0.6746947943892915,15660784,0
SOD,2000,3,6,Duration,0.6538935117982602,15660784,0
SOD,2000,3,7,Duration,0.9414852149899612,15660784,0
SOD,2000,3,8,Duration,0.6704491981976316,15660784,0
SOD,2000,3,9,Duration,0.5572650529866351,15660784,0
SOD,2000,3,10,Duration,0.6822405041613677,15660784,0
SOD,2000,3,11,Duration,0.7451232102919927,15660784,0
SOD,2000,3,12,Duration,1.1184043728886213,15660784,0
SOD,2000,3,1,Pitch,1.5354077749719075,15660784,0
SOD,2000,3,2,Pitch,1.85282116216604,15660784,0
SOD,2000,3,3,Pitch,1.490916500647368,15660784,0
SOD,2000,3,4,Pitch,1.982745905570116,15660784,0
SOD,2000,3,5,Pitch,0.955986490975204,15660784,0
SOD,2000,3,6,Pitch,0.7790940389567965,15660784,0
SOD,2000,3,7,Pitch,0.5075492283321821,15660784,0
SOD,2000,3,8,Pitch,0.713367625876086,15660784,0
SOD,2000,3,9,Pitch,1.596930161622617,15660784,0
SOD,2000,3,10,Pitch,2.1234709334088606,15660784,0
SOD,2000,3,11,Pitch,2.904857423531584,15660784,0
SOD,2000,3,12,Pitch,2.7540470616532797,15660784,0
SOD,2000,3,1,Position,0.9130029766511574,15660784,0
SOD,2000,3,2,Position,1.7123037854398708,15660784,0
SOD,2000,3,3,Position,1.938657107310629,15660784,0
SOD,2000,3,4,Position,1.7640652380025326,15660784,0
SOD,2000,3,5,Position,2.067362659863056,15660784,0
SOD,2000,3,6,Position,1.974988275119125,15660784,0
SOD,2000,3,7,Position,2.0140402199527743,15660784,0
SOD,2000,3,8,Position,1.8749401658784524,15660784,0
SOD,2000,3,9,Position,1.8529315814736984,15660784,0
SOD,2000,3,10,Position,2.157102758162471,15660784,0
SOD,2000,3,11,Position,2.139337385043677,15660784,0
SOD,2000,3,12,Position,0.7805903106298748,15660784,0
SOD,2000,3,1,Instrument,0.7793056670122203,15660784,0
SOD,2000,3,2,Instrument,0.7186328596996303,15660784,0
SOD,2000,3,3,Instrument,0.6195752106311663,15660784,0
SOD,2000,3,4,Instrument,0.4492493264211081,15660784,0
SOD,2000,3,5,Instrument,0.5877780032792617,15660784,0
SOD,2000,3,6,Instrument,0.5616824954895302,15660784,0
SOD,2000,3,7,Instrument,0.5542114473106375,15660784,0
SOD,2000,3,8,Instrument,0.5517816592016742,15660784,0
SOD,2000,3,9,Instrument,0.559480098464195,15660784,0
SOD,2000,3,10,Instrument,0.4328687740476804,15660784,0
SOD,2000,3,11,Instrument,0.3964074692908911,15660784,0
SOD,2000,3,12,Instrument,0.7501577638482909,15660784,0
SOD,2000,3,1,Tempo,0.0905627079160269,15660784,0
SOD,2000,3,2,Tempo,0.0721734826639593,15660784,0
SOD,2000,3,3,Tempo,0.0731180991167775,15660784,0
SOD,2000,3,4,Tempo,0.0503057685158064,15660784,0
SOD,2000,3,5,Tempo,0.0632520796639891,15660784,0
SOD,2000,3,6,Tempo,0.0640229528790603,15660784,0
SOD,2000,3,7,Tempo,0.0750385508340686,15660784,0
SOD,2000,3,8,Tempo,0.0648211922327985,15660784,0
SOD,2000,3,9,Tempo,0.0608262117372947,15660784,0
SOD,2000,3,10,Tempo,0.0659394326488921,15660784,0
SOD,2000,3,11,Tempo,0.0645588251366703,15660784,0
SOD,2000,3,12,Tempo,0.1597434880837831,15660784,0
SOD,2000,3,1,Time signature,0.1023270420449278,15660784,0
SOD,2000,3,2,Time signature,0.1149044456026096,15660784,0
SOD,2000,3,3,Time signature,0.1274727123933956,15660784,0
SOD,2000,3,4,Time signature,0.1037553816428483,15660784,0
SOD,2000,3,5,Time signature,0.1434188141578888,15660784,0
SOD,2000,3,6,Time signature,0.1292200630435232,15660784,0
SOD,2000,3,7,Time signature,0.1522600770418634,15660784,0
SOD,2000,3,8,Time signature,0.1286694066774273,15660784,0
SOD,2000,3,9,Time signature,0.1215722929602375,15660784,0
SOD,2000,3,10,Time signature,0.1567217215897063,15660784,0
SOD,2000,3,11,Time signature,0.1494664345746493,15660784,0
SOD,2000,3,12,Time signature,0.2377962198417804,15660784,0
SOD,2000,3,1,Velocity,0.3439986885105063,15660784,0
SOD,2000,3,2,Velocity,0.2263464741274463,15660784,0
SOD,2000,3,3,Velocity,0.1639729409148226,15660784,0
SOD,2000,3,4,Velocity,0.073321332963747,15660784,0
SOD,2000,3,5,Velocity,0.0709461040218264,15660784,0
SOD,2000,3,6,Velocity,0.1533645318768872,15660784,0
SOD,2000,3,7,Velocity,0.1880446522588131,15660784,0
SOD,2000,3,8,Velocity,0.2103699993527362,15660784,0
SOD,2000,3,9,Velocity,0.1098168435881003,15660784,0
SOD,2000,3,10,Velocity,0.0987091940537908,15660784,0
SOD,2000,3,11,Velocity,0.0976930089421134,15660784,0
SOD,2000,3,12,Velocity,0.685763357336541,15660784,0
SOD,2000,4,1,Bar,0.2528513037290635,15660784,0
SOD,2000,4,2,Bar,0.3395157568013088,15660784,0
SOD,2000,4,3,Bar,0.3487273734323189,15660784,0
SOD,2000,4,4,Bar,0.3719715105469416,15660784,0
SOD,2000,4,5,Bar,0.4576261282877348,15660784,0
SOD,2000,4,6,Bar,0.4483225044712664,15660784,0
SOD,2000,4,7,Bar,0.3593178688201673,15660784,0
SOD,2000,4,8,Bar,0.4072027704210079,15660784,0
SOD,2000,4,9,Bar,0.4446252487677116,15660784,0
SOD,2000,4,10,Bar,0.3690686412090024,15660784,0
SOD,2000,4,11,Bar,0.202334062695309,15660784,0
SOD,2000,4,12,Bar,0.11548867278011,15660784,0
SOD,2000,4,1,Duration,1.706062609623301,15660784,0
SOD,2000,4,2,Duration,1.0189653679225463,15660784,0
SOD,2000,4,3,Duration,1.1839167530916863,15660784,0
SOD,2000,4,4,Duration,0.7103788771107709,15660784,0
SOD,2000,4,5,Duration,0.6832856613751999,15660784,0
SOD,2000,4,6,Duration,0.6615482120608678,15660784,0
SOD,2000,4,7,Duration,0.9019240190001516,15660784,0
SOD,2000,4,8,Duration,0.693652786377397,15660784,0
SOD,2000,4,9,Duration,0.5582458243038738,15660784,0
SOD,2000,4,10,Duration,0.6670207049419804,15660784,0
SOD,2000,4,11,Duration,0.7834205138421331,15660784,0
SOD,2000,4,12,Duration,1.1920626060925776,15660784,0
SOD,2000,4,1,Pitch,1.5304165729920916,15660784,0
SOD,2000,4,2,Pitch,1.856284471443402,15660784,0
SOD,2000,4,3,Pitch,1.4590734950581408,15660784,0
SOD,2000,4,4,Pitch,1.936288804376112,15660784,0
SOD,2000,4,5,Pitch,0.9156019161080584,15660784,0
SOD,2000,4,6,Pitch,0.7753549176519329,15660784,0
SOD,2000,4,7,Pitch,0.5035924564283979,15660784,0
SOD,2000,4,8,Pitch,0.6790832332409307,15660784,0
SOD,2000,4,9,Pitch,1.5124453101071034,15660784,0
SOD,2000,4,10,Pitch,2.074144514870916,15660784,0
SOD,2000,4,11,Pitch,2.9072302315065603,15660784,0
SOD,2000,4,12,Pitch,2.734974598357772,15660784,0
SOD,2000,4,1,Position,0.8755078638898798,15660784,0
SOD,2000,4,2,Position,1.6725912499994606,15660784,0
SOD,2000,4,3,Position,1.9720758727706795,15660784,0
SOD,2000,4,4,Position,1.7616273891658845,15660784,0
SOD,2000,4,5,Position,2.0886106652651266,15660784,0
SOD,2000,4,6,Position,1.9921413686879317,15660784,0
SOD,2000,4,7,Position,2.033119326945183,15660784,0
SOD,2000,4,8,Position,1.920033416217639,15660784,0
SOD,2000,4,9,Position,1.8638440161664709,15660784,0
SOD,2000,4,10,Position,2.109268762687325,15660784,0
SOD,2000,4,11,Position,2.114926213646668,15660784,0
SOD,2000,4,12,Position,0.8338929850472032,15660784,0
SOD,2000,4,1,Instrument,0.8101180023259831,15660784,0
SOD,2000,4,2,Instrument,0.7894733141162857,15660784,0
SOD,2000,4,3,Instrument,0.6290775395271394,15660784,0
SOD,2000,4,4,Instrument,0.4528499334731564,15660784,0
SOD,2000,4,5,Instrument,0.5521527697018953,15660784,0
SOD,2000,4,6,Instrument,0.5593845734697032,15660784,0
SOD,2000,4,7,Instrument,0.5699181767667193,15660784,0
SOD,2000,4,8,Instrument,0.5474046045625206,15660784,0
SOD,2000,4,9,Instrument,0.5645888604291791,15660784,0
SOD,2000,4,10,Instrument,0.5099885980272381,15660784,0
SOD,2000,4,11,Instrument,0.3996335345160158,15660784,0
SOD,2000,4,12,Instrument,0.7185246243682634,15660784,0
SOD,2000,4,1,Tempo,0.0922739425303456,15660784,0
SOD,2000,4,2,Tempo,0.0743601669183732,15660784,0
SOD,2000,4,3,Tempo,0.0751473040761171,15660784,0
SOD,2000,4,4,Tempo,0.0492615092319514,15660784,0
SOD,2000,4,5,Tempo,0.0609346639876116,15660784,0
SOD,2000,4,6,Tempo,0.0633534119850207,15660784,0
SOD,2000,4,7,Tempo,0.0757043248808551,15660784,0
SOD,2000,4,8,Tempo,0.0656142325256578,15660784,0
SOD,2000,4,9,Tempo,0.0608289157850155,15660784,0
SOD,2000,4,10,Tempo,0.0709707017759137,15660784,0
SOD,2000,4,11,Tempo,0.0658928337943486,15660784,0
SOD,2000,4,12,Tempo,0.1550392238305124,15660784,0
SOD,2000,4,1,Time signature,0.1047846282659689,15660784,0
SOD,2000,4,2,Time signature,0.1147812014562244,15660784,0
SOD,2000,4,3,Time signature,0.1286945758900903,15660784,0
SOD,2000,4,4,Time signature,0.1020324760100327,15660784,0
SOD,2000,4,5,Time signature,0.1390467329621327,15660784,0
SOD,2000,4,6,Time signature,0.1312815720607281,15660784,0
SOD,2000,4,7,Time signature,0.1632764300802858,15660784,0
SOD,2000,4,8,Time signature,0.1313493888574371,15660784,0
SOD,2000,4,9,Time signature,0.124895401790996,15660784,0
SOD,2000,4,10,Time signature,0.1593534105469208,15660784,0
SOD,2000,4,11,Time signature,0.1652276711613204,15660784,0
SOD,2000,4,12,Time signature,0.2436720512725371,15660784,0
SOD,2000,4,1,Velocity,0.370951535865877,15660784,0
SOD,2000,4,2,Velocity,0.2277236617457676,15660784,0
SOD,2000,4,3,Velocity,0.1673567780602018,15660784,0
SOD,2000,4,4,Velocity,0.0708204545526898,15660784,0
SOD,2000,4,5,Velocity,0.0692194121065147,15660784,0
SOD,2000,4,6,Velocity,0.1566808994844542,15660784,0
SOD,2000,4,7,Velocity,0.1860995997989304,15660784,0
SOD,2000,4,8,Velocity,0.2153442998492382,15660784,0
SOD,2000,4,9,Velocity,0.1109537480411379,15660784,0
SOD,2000,4,10,Velocity,0.1088886675210502,15660784,0
SOD,2000,4,11,Velocity,0.0928504053503682,15660784,0
SOD,2000,4,12,Velocity,0.6580332452542114,15660784,0
SOD,2000,42,1,Bar,0.2409038764810792,15660784,0
SOD,2000,42,2,Bar,0.3422300655389213,15660784,0
SOD,2000,42,3,Bar,0.3345005907239103,15660784,0
SOD,2000,42,4,Bar,0.3730305208929821,15660784,0
SOD,2000,42,5,Bar,0.4539163254187244,15660784,0
SOD,2000,42,6,Bar,0.4573483362633175,15660784,0
SOD,2000,42,7,Bar,0.3361699022289268,15660784,0
SOD,2000,42,8,Bar,0.389536207199079,15660784,0
SOD,2000,42,9,Bar,0.4373635974884718,15660784,0
SOD,2000,42,10,Bar,0.3585468299595044,15660784,0
SOD,2000,42,11,Bar,0.2090710298536238,15660784,0
SOD,2000,42,12,Bar,0.1151601624458993,15660784,0
SOD,2000,42,1,Duration,1.6795163377077431,15660784,0
SOD,2000,42,2,Duration,1.0049992899569542,15660784,0
SOD,2000,42,3,Duration,1.1722151467658966,15660784,0
SOD,2000,42,4,Duration,0.7001114819248421,15660784,0
SOD,2000,42,5,Duration,0.6828039692289967,15660784,0
SOD,2000,42,6,Duration,0.646032410378338,15660784,0
SOD,2000,42,7,Duration,0.8965022881415585,15660784,0
SOD,2000,42,8,Duration,0.6773807446294615,15660784,0
SOD,2000,42,9,Duration,0.5520627253869866,15660784,0
SOD,2000,42,10,Duration,0.6598512282355724,15660784,0
SOD,2000,42,11,Duration,0.7766747372206344,15660784,0
SOD,2000,42,12,Duration,1.1717660214869403,15660784,0
SOD,2000,42,1,Pitch,1.6191203005847177,15660784,0
SOD,2000,42,2,Pitch,1.8727918990189552,15660784,0
SOD,2000,42,3,Pitch,1.5018068539071814,15660784,0
SOD,2000,42,4,Pitch,2.0145465428978047,15660784,0
SOD,2000,42,5,Pitch,0.9328965155198432,15660784,0
SOD,2000,42,6,Pitch,0.754121437802051,15660784,0
SOD,2000,42,7,Pitch,0.4966153102621191,15660784,0
SOD,2000,42,8,Pitch,0.7576687608986916,15660784,0
SOD,2000,42,9,Pitch,1.506230176269573,15660784,0
SOD,2000,42,10,Pitch,2.0875544056941675,15660784,0
SOD,2000,42,11,Pitch,2.849795507161427,15660784,0
SOD,2000,42,12,Pitch,2.7831640677494094,15660784,0
SOD,2000,42,1,Position,0.9191684201967446,15660784,0
SOD,2000,42,2,Position,1.6815028787606028,15660784,0
SOD,2000,42,3,Position,1.9759316991920253,15660784,0
SOD,2000,42,4,Position,1.736883796874344,15660784,0
SOD,2000,42,5,Position,2.08603148356456,15660784,0
SOD,2000,42,6,Position,2.012885238817475,15660784,0
SOD,2000,42,7,Position,2.0460385687119147,15660784,0
SOD,2000,42,8,Position,1.9208702218907423,15660784,0
SOD,2000,42,9,Position,1.871197236667808,15660784,0
SOD,2000,42,10,Position,2.1354703075632067,15660784,0
SOD,2000,42,11,Position,2.1713013375498216,15660784,0
SOD,2000,42,12,Position,0.8438999690249532,15660784,0
SOD,2000,42,1,Instrument,0.8097994317385,15660784,0
SOD,2000,42,2,Instrument,0.7605380416792336,15660784,0
SOD,2000,42,3,Instrument,0.6097829063234065,15660784,0
SOD,2000,42,4,Instrument,0.462291801600135,15660784,0
SOD,2000,42,5,Instrument,0.5377405719573144,15660784,0
SOD,2000,42,6,Instrument,0.5477490359040452,15660784,0
SOD,2000,42,7,Instrument,0.5349243840864261,15660784,0
SOD,2000,42,8,Instrument,0.5112976004718823,15660784,0
SOD,2000,42,9,Instrument,0.5742071300133581,15660784,0
SOD,2000,42,10,Instrument,0.4601939786951473,15660784,0
SOD,2000,42,11,Instrument,0.3930324410286118,15660784,0
SOD,2000,42,12,Instrument,0.6510575122703491,15660784,0
SOD,2000,42,1,Tempo,0.0902621921773447,15660784,0
SOD,2000,42,2,Tempo,0.0726152908557114,15660784,0
SOD,2000,42,3,Tempo,0.0733942702801386,15660784,0
SOD,2000,42,4,Tempo,0.0499589638995577,15660784,0
SOD,2000,42,5,Tempo,0.0596880502609625,15660784,0
SOD,2000,42,6,Tempo,0.0641623124777999,15660784,0
SOD,2000,42,7,Tempo,0.0733971456704541,15660784,0
SOD,2000,42,8,Tempo,0.0639241334280783,15660784,0
SOD,2000,42,9,Tempo,0.0612781835340855,15660784,0
SOD,2000,42,10,Tempo,0.0690142439576458,15660784,0
SOD,2000,42,11,Tempo,0.0644833666241437,15660784,0
SOD,2000,42,12,Tempo,0.1483918340375943,15660784,0
SOD,2000,42,1,Time signature,0.1056045708774653,15660784,0
SOD,2000,42,2,Time signature,0.1131176022863664,15660784,0
SOD,2000,42,3,Time signature,0.1278059796311845,15660784,0
SOD,2000,42,4,Time signature,0.1005661406538071,15660784,0
SOD,2000,42,5,Time signature,0.1457905929765434,15660784,0
SOD,2000,42,6,Time signature,0.1398584554020323,15660784,0
SOD,2000,42,7,Time signature,0.1613116991570343,15660784,0
SOD,2000,42,8,Time signature,0.1328347230842087,15660784,0
SOD,2000,42,9,Time signature,0.122688335155635,15660784,0
SOD,2000,42,10,Time signature,0.1643599800896835,15660784,0
SOD,2000,42,11,Time signature,0.1504696117156585,15660784,0
SOD,2000,42,12,Time signature,0.2779013871137012,15660784,0
SOD,2000,42,1,Velocity,0.3513888167048205,15660784,0
SOD,2000,42,2,Velocity,0.2235231003817487,15660784,0
SOD,2000,42,3,Velocity,0.1695636646797465,15660784,0
SOD,2000,42,4,Velocity,0.0676519797242985,15660784,0
SOD,2000,42,5,Velocity,0.0660521783931981,15660784,0
SOD,2000,42,6,Velocity,0.1531100785664484,15660784,0
SOD,2000,42,7,Velocity,0.1799781072367534,15660784,0
SOD,2000,42,8,Velocity,0.2252708494790511,15660784,0
SOD,2000,42,9,Velocity,0.1047727506468297,15660784,0
SOD,2000,42,10,Velocity,0.1051640825375592,15660784,0
SOD,2000,42,11,Velocity,0.0968137781353296,15660784,0
SOD,2000,42,12,Velocity,0.6345120009894276,15660784,0
